{
  "metrics": {
    "http_req_blocked": {
      "type": "trend",
      "contains": "time",
      "values": {
        "min": 0,
        "med": 0,
        "max": 6.8021,
        "p(90)": 0,
        "p(95)": 0,
        "p(99)": 0.5615759999999999,
        "avg": 0.01987444646098002
      }
    },
    "http_req_duration{expected_response:true}": {
      "type": "trend",
      "contains": "time",
      "values": {
        "max": 452.1143,
        "p(90)": 7.323840000000003,
        "p(95)": 9.509519999999997,
        "p(99)": 15.573723999999991,
        "avg": 4.412560741508964,
        "min": 0,
        "med": 3.6216
      }
    },
    "data_sent": {
      "type": "counter",
      "contains": "data",
      "values": {
        "count": 1751078,
        "rate": 34805.008043047266
      }
    },
    "http_req_duration": {
      "type": "trend",
      "contains": "time",
      "values": {
        "p(90)": 7.323840000000003,
        "p(95)": 9.509519999999997,
        "p(99)": 15.573723999999991,
        "avg": 4.412560741508964,
        "min": 0,
        "med": 3.6216,
        "max": 452.1143
      },
      "thresholds": {
        "p(95)<500": {
          "ok": true
        }
      }
    },
    "http_req_receiving": {
      "type": "trend",
      "contains": "time",
      "values": {
        "max": 6.2653,
        "p(90)": 0.5259,
        "p(95)": 0.6107,
        "p(99)": 1.067664,
        "avg": 0.11068994036816182,
        "min": 0,
        "med": 0
      }
    },
    "checks": {
      "type": "rate",
      "contains": "default",
      "values": {
        "passes": 19285,
        "fails": 0,
        "rate": 1
      }
    },
    "iterations": {
      "type": "counter",
      "contains": "default",
      "values": {
        "count": 3857,
        "rate": 76.6630133106768
      }
    },
    "topMenu_duration": {
      "type": "trend",
      "contains": "time",
      "values": {
        "p(90)": 10.494300000000006,
        "p(95)": 13.217279999999999,
        "p(99)": 21.675852000000024,
        "avg": 5.8763304640912795,
        "min": 1.035,
        "med": 4.5705,
        "max": 452.1143
      }
    },
    "iteration_duration": {
      "contains": "time",
      "values": {
        "p(90)": 538.8469399999999,
        "p(95)": 545.43352,
        "p(99)": 555.227668,
        "avg": 523.6687678247346,
        "min": 506.8449,
        "med": 521.4181,
        "max": 996.4807
      },
      "type": "trend"
    },
    "http_req_failed": {
      "type": "rate",
      "contains": "default",
      "values": {
        "rate": 0,
        "passes": 0,
        "fails": 19285
      }
    },
    "vus_max": {
      "type": "gauge",
      "contains": "default",
      "values": {
        "max": 50,
        "value": 50,
        "min": 50
      }
    },
    "http_reqs": {
      "type": "counter",
      "contains": "default",
      "values": {
        "count": 19285,
        "rate": 383.31506655338404
      }
    },
    "http_req_sending": {
      "type": "trend",
      "contains": "time",
      "values": {
        "avg": 0.02210251490795958,
        "min": 0,
        "med": 0,
        "max": 3.228,
        "p(90)": 0,
        "p(95)": 0,
        "p(99)": 0.636316
      }
    },
    "error_count": {
      "type": "counter",
      "contains": "default",
      "values": {
        "rate": 0,
        "count": 0
      },
      "thresholds": {
        "count<10": {
          "ok": true
        }
      }
    },
    "http_req_tls_handshaking": {
      "type": "trend",
      "contains": "time",
      "values": {
        "avg": 0,
        "min": 0,
        "med": 0,
        "max": 0,
        "p(90)": 0,
        "p(95)": 0,
        "p(99)": 0
      }
    },
    "http_req_connecting": {
      "type": "trend",
      "contains": "time",
      "values": {
        "max": 6.6397,
        "p(90)": 0,
        "p(95)": 0,
        "p(99)": 0,
        "avg": 0.012728960331864141,
        "min": 0,
        "med": 0
      }
    },
    "target_duration": {
      "values": {
        "min": 0.5041,
        "med": 3.7219,
        "max": 21.266,
        "p(90)": 6.7764,
        "p(95)": 8.119299999999999,
        "p(99)": 11.790920000000003,
        "avg": 4.241175887995842
      },
      "type": "trend",
      "contains": "time"
    },
    "data_received": {
      "type": "counter",
      "contains": "data",
      "values": {
        "count": 29216129,
        "rate": 580709.4857177731
      }
    },
    "icon_duration": {
      "type": "trend",
      "contains": "time",
      "values": {
        "med": 3.1466,
        "max": 16.4884,
        "p(90)": 5.2522,
        "p(95)": 6.341959999999999,
        "p(99)": 10.112312000000003,
        "avg": 3.486542649727777,
        "min": 0
      }
    },
    "challenge_duration": {
      "type": "trend",
      "contains": "time",
      "values": {
        "avg": 3.8678452683432694,
        "min": 0.5127,
        "med": 3.5149,
        "max": 21.5725,
        "p(90)": 5.9007,
        "p(95)": 7.014279999999999,
        "p(99)": 10.497768000000004
      }
    },
    "vus": {
      "values": {
        "min": 2,
        "max": 50,
        "value": 2
      },
      "type": "gauge",
      "contains": "default"
    },
    "job_duration": {
      "contains": "time",
      "values": {
        "p(90)": 7.9828,
        "p(95)": 10.860519999999992,
        "p(99)": 15.448284000000006,
        "avg": 4.59090943738658,
        "min": 0.5427,
        "med": 3.7493,
        "max": 24.5392
      },
      "type": "trend"
    },
    "http_req_waiting": {
      "type": "trend",
      "contains": "time",
      "values": {
        "min": 0,
        "med": 3.4999,
        "max": 450.5949,
        "p(90)": 7.139740000000005,
        "p(95)": 9.264439999999997,
        "p(99)": 15.252,
        "avg": 4.279768286232838
      }
    }
  },
  "root_group": {
    "id": "d41d8cd98f00b204e9800998ecf8427e",
    "groups": [],
    "checks": [
        {
          "name": "topMenu status 200",
          "path": "::topMenu status 200",
          "id": "6db56c714391c0fb438b29152d2630a7",
          "passes": 3857,
          "fails": 0
        },
        {
          "fails": 0,
          "name": "job status 200",
          "path": "::job status 200",
          "id": "5282c7271e26014ce370e616a959f60a",
          "passes": 3857
        },
        {
          "name": "target status 200",
          "path": "::target status 200",
          "id": "2f50716110704928cc413280e769788e",
          "passes": 3857,
          "fails": 0
        },
        {
          "fails": 0,
          "name": "challenge status 200",
          "path": "::challenge status 200",
          "id": "0c1ded712aebd79e433ac961e00a44f5",
          "passes": 3857
        },
        {
          "name": "icon status 200",
          "path": "::icon status 200",
          "id": "93909deb9910a13039dbdbfb272e0ef7",
          "passes": 3857,
          "fails": 0
        }
      ],
    "name": "",
    "path": ""
  },
  "options": {
    "summaryTrendStats": [
      "avg",
      "min",
      "med",
      "max",
      "p(90)",
      "p(95)",
      "p(99)"
    ],
    "summaryTimeUnit": "",
    "noColor": false
  },
  "state": {
    "isStdOutTTY": true,
    "isStdErrTTY": true,
    "testRunDurationMs": 50311.0931
  }
}